depth,zone1,zone2,zone3,zone4,zone5,zone6,zone7
0,46.5,42.8,43.1,43,42,45.3,61
0.02,43.5,48,42.1,44.3,40.4,46.6,56
0.04,38.8,53,41.7,42.6,41.6,46.1,53.2
0.06,34.7,53.9,41,39,43.2,44.4,53.9
0.08,33.4,52,39.3,37,43.3,42,57
0.1,35.7,50.4,37.9,38.4,43.1,37.7,60.9
0.12,40,49.3,38.5,41.3,43.9,32.3,64.9
0.14,43.1,47.5,39,42.7,44.3,30,68.5
0.16,42.1,45.6,36.3,42,43,31.7,69.9
0.18,38.3,45.6,31.6,41.3,40.7,33.6,68.5
0.2,35.4,47.2,29.6,42.9,38.9,33.5,66.2
0.22,34.6,48.4,31.7,46.2,38.5,31.7,65.1
0.24,34,49.8,34.6,49,39.7,28.2,64.1
0.26,31.5,53,35.8,49.5,41.4,23.9,60.4
0.28,27.4,56.5,35.8,47.6,41.6,22.6,55.2
0.3,23.5,57.1,34.7,44.2,39.8,25.9,53.6
0.32,22.5,54.9,32.2,40.7,38.4,29.3,57.8
0.34,26.3,53,29.9,38.7,38.7,29.2,64.5
0.36,32.8,52.8,30.1,38.3,40,27.8,70.4
0.38,36.9,52.7,31.9,38.7,41.5,28.4,74.9
0.4,36.9,51.5,32.5,39.7,43.2,29.3,77.5
0.42,36.5,48.9,31.3,42.2,44.5,29.1,77
0.44,38.6,46,30.3,45.8,44.5,29.7,74.5
0.46,41.4,44.6,30.7,48,43.5,32.8,73.3
0.48,41.7,46.3,32.4,47.6,42.1,37.3,73.7
0.5,39.6,49.6,34.5,46.3,40.1,42,73.7
0.52,38,50.8,35.3,46.1,37.2,46.2,72.9
0.54,38.1,48.5,33.5,46.3,33.9,48.5,73.2
0.56,38.4,43.9,31.1,45.2,30.8,47.6,74.4
0.58,37.7,39.5,30.9,42.9,28.3,45.7,74.1
0.6,37.4,37.2,32.8,40.8,27.4,45.1,71
0.62,38.8,38,34.2,39.9,28.7,45.8,66.8
0.64,40.1,40.4,33.8,40.5,30.6,46.4,64.2
0.66,39.2,41.6,31.4,42.7,31.5,46.5,63.6
0.68,37.7,41,27.3,46.1,31.7,45.9,63.5
0.7,39.7,41.5,24.6,49.2,32.4,44.3,62.4
0.72,44.1,44.9,28.5,50.7,32.9,42,61.2
0.74,45.7,49,39.1,50.7,32.4,40.3,61.7
0.76,43.3,50.9,49.5,50.2,31.6,40.2,63.7
0.78,41.6,51,53.5,49.5,31.7,41.1,65.1
0.8,44.4,51.4,52.4,47.2,32.6,42.1,65.5
0.82,49.1,52.8,50.8,43,33.8,42,66.8
0.84,52.4,54.3,51.2,39.2,35,41,70.3
0.86,53.6,55.3,52.9,38.3,35.7,40.7,74.8
0.88,53.5,56.6,55.2,40.2,35.6,42.8,77.9
0.9,52.1,57.9,57.1,42.9,35.4,46.5,78.1
0.92,49.6,57.6,58.1,44.9,36,49.6,75.7
0.94,46.9,54.6,58.3,46.3,36.4,51.1,71.9
0.96,45.2,51.1,57.7,47.2,35.8,52.5,67.4
0.98,46.6,50.3,56,47.4,34.4,56.1,62.9
1,53.3,51.9,54.9,46.9,10.1,61.7,60.3
1.02,63.8,52.9,57.4,46,32.1,65.5,60.7
1.04,72.3,52.9,63.3,44.8,32.7,63.4,62
1.06,74.4,54.7,67.9,43.9,34.1,56.3,61.7
1.08,70.9,58.9,67.7,44.2,34.8,49.2,60.7
1.1,66.2,62.4,63.9,46.2,34.6,46.8,61.7
1.12,62.3,63.1,59.7,49,34.7,48.7,65
1.14,58.6,62.1,57.5,51.4,35.6,51.5,68.8
1.16,55.3,61.2,58.8,52.3,35.4,51.8,72.4
1.18,54.2,60.5,63,51.2,33.9,50,74.8
1.2,56.4,60.4,67,48.6,33.3,49.2,74.2
1.22,58.5,61.8,68.2,46.4,35.3,50.9,71.2
1.24,55.9,64.2,67.5,46.2,37.6,52.3,68.5
1.26,50.3,65.9,66.7,46.9,37.3,51.2,66.2
1.28,48.3,66.4,65.7,46.7,35.7,50.3,62.1
1.3,53.6,66.6,63.3,46.1,36.2,52.9,57.1
1.32,62,67,60.6,46.8,39.5,56.4,55.1
1.34,66.7,66.8,58.9,48.2,43,56.6,56.9
1.36,65.2,66,58.3,48,44.2,54.8,59.5
1.38,59.7,64.6,58.3,45.5,43.3,55.5,61.6
1.4,53.6,62.6,58.8,43.2,41.7,59.1,64.2
1.42,49.1,60.7,59,42.9,40.9,61.8,66.1
1.44,46.1,60.7,57.8,44.1,40.8,62.4,65.4
1.46,44.1,63.7,55.8,45.8,41.1,63.4,63
1.48,43.9,67.7,55.1,47.5,41,66.6,61.8
1.5,46.3,69.3,56.7,48.7,40.6,70.4,62.6
1.52,50.2,67.1,58.3,48,40.6,71.6,64.2
1.54,53,62.6,57.1,45.1,41.3,69,65.6
1.56,53.9,59.4,53.2,41.8,41.7,65,65.7
1.58,53.4,60,50,39.7,40.8,62.6,64.1
1.6,51.9,64.1,50.2,39.7,39.7,61.3,61.3
1.62,50.4,68.7,52.6,41.4,40.4,58.2,57.4
1.64,51.2,71.2,53.3,43.9,42.8,54.4,52
1.66,54,71.2,50.1,45.3,44.5,53.4,46
1.68,54.3,70.1,45.5,44.4,44.2,55.4,42.1
1.7,50.1,68.7,43.2,42.9,42.9,57,41.5
1.72,45.7,66.5,44.8,43.6,41.2,58,42.7
1.74,46.1,63.3,47.9,46.8,38.2,61.3,44.3
1.76,49.9,59.5,48.9,50,34.6,66.1,45.7
1.78,52.7,55.3,46.2,50.3,33.2,68.6,47
1.8,53.3,50.9,41.8,47.9,35.4,67.7,48.6
1.82,53,48,39.1,45.4,38.5,65.7,51
1.84,52.1,48.7,39.9,44.8,39.8,64,52.3
1.86,51.1,52.2,43.3,46.2,39.6,62.9,50.4
1.88,50.9,54.9,47.2,47.7,39.7,63.8,47.7
1.9,51.2,54.8,48.7,48.5,39.9,67.1,47.5
1.92,49.8,54.1,45.9,48.7,39.2,69.9,49.4
1.94,46.8,55,39.6,49,38.4,68.1,50.1
1.96,45,56.4,33.7,49.1,38.2,61.6,49.8
1.98,46.6,55.8,32.1,48.8,37.5,53.9,50.5
2,49.6,54.3,35,48.4,35.4,49.5,51.2
2.02,50.7,54.3,39.5,47,33.9,50.4,49.7
2.04,48.5,56,42.6,44.3,35.1,55.3,46.6
2.06,46,57.9,43.9,41.6,37.6,60.5,43.2
2.08,47.4,59.5,45.3,42,37.3,64.2,39.3
2.1,53.4,61.9,48.3,45.6,32.8,66,35.7
2.12,60.1,64.9,51.1,49.4,26.8,65.1,34.5
2.14,62.8,67.2,51.7,50.7,24,61.2,35.4
2.16,61,67.1,50,49.4,26.7,56.9,35.3
2.18,56.9,64.1,47.7,46.5,32.7,55.2,33.6
2.2,52.3,59.8,45.8,44.1,37.4,55.8,32
2.22,48.1,57,44.5,44,38.1,55.3,31.5
2.24,46.1,57.2,44,46.1,36.3,52.5,31.7
2.26,47.2,59.7,44.4,47.9,35,49.2,32.5
2.28,50,63.3,45.3,46.6,35.4,47.6,34
2.3,52.7,67.3,46.2,43.3,36.5,48.6,35.3
2.32,55.1,71.3,47.2,41.8,37.8,51.7,36.7
2.34,57.8,73.8,47.5,43.9,39,55.7,38.8
2.36,59.9,74.2,47,47.6,38.8,58.2,40.2
2.38,60.3,73.3,47,49.5,36.7,56.8,39.8
2.4,59.2,71.6,48.3,48.6,34.3,52.1,39.7
2.42,57.2,69.5,49.6,46.6,33.9,47.2,41.1
2.44,54.6,68.2,49.8,45.2,35.5,44.9,40.7
2.46,53,68.7,50,44.6,36.9,45.3,36.2
2.48,53.4,69.5,51.2,45,36.9,46.9,30.7
2.5,54.7,67.9,52.2,46.1,36.2,48.6,28.5
2.52,55.6,64.2,52.3,47.4,36.1,51,28.2
2.54,56.7,61.8,51.9,47.9,36.4,54.5,27
2.56,58.9,63.1,50.2,48.5,36.4,58.2,25.2
2.58,60.1,65.8,45.2,49.7,36.2,60.3,24.8
2.6,58.2,65.9,38.8,50.2,36.7,59.5,26.4
2.62,55.5,63.5,35.4,48.3,37.4,56.3,30
2.64,54.8,62.8,35.6,45.4,37.4,53.2,34.1
2.66,54.9,66.4,35.4,44.7,36.8,52.4,35.9
2.68,53.4,71.3,33.1,46.4,36.8,53.7,34.6
2.7,52.3,73,31,47.8,37.5,54.8,33.4
2.72,54.7,70.8,30.5,47.2,37.4,55.1,34.4
2.74,58.1,67.7,30.4,45.8,35.8,56.2,34.4
2.76,57.4,66.6,30.4,44.6,33.8,58.6,30.8
2.78,52.6,68.3,32.6,44,32.6,58.7,27
2.8,48.3,71.7,37.5,44.6,31.5,53.3,27.6
2.82,46.5,75.2,42.7,46.5,30.1,44.2,32.1
2.84,45.3,76.6,45.2,48.2,28.8,37.8,36.7
2.86,43.4,75.6,44.3,48.6,28,38.6,39.8
2.88,42.8,73.9,41.7,48.4,27.4,45.1,41.1
2.9,45.6,72.6,40.9,48.6,27,52.6,40.4
2.92,50.7,71,43.3,48.6,27.1,58.1,38.8
2.94,54.3,69,46.7,48,28.3,61.7,38.1
2.96,54.1,67.5,47.4,47.6,29.9,64.1,38.1
2.98,52.3,67.5,44.8,48.5,30.8,65.7,37.4
3,51.2,68.4,41.3,49.8,30.8,67,37.1
3.02,50.4,69.3,38.8,50.2,30.5,67.9,39.5
3.04,47.7,70.2,37.9,49.1,31,67.7,44
3.06,44.3,71.7,38.8,47.5,32.8,65.4,46.8
3.08,42.7,74,40.5,46.6,35,60.5,46.2
3.1,43.1,76,40.4,46.8,35.8,54.2,44.5
3.12,44.4,75.6,38.2,47.4,34,48.7,44.1
3.14,46.5,72.4,35.9,47.6,30.3,46.7,44.8
3.16,48.3,69.1,34.9,47,26.7,50,45
3.18,46.4,68.5,33.6,46.2,24.7,57.4,43.8
3.2,40.4,69.9,31.1,46,24.7,65.4,42.4
3.22,35.5,69.9,29.5,47.2,25.7,71,42.6
3.24,36.3,66.8,30,49.5,26.2,73.2,44.7
3.26,41.4,62.2,29.6,51.5,24.8,72.2,46.3
3.28,45.8,58.4,26.4,51.7,21.9,69.2,46.4
3.3,47.2,56.5,22.9,50.5,20.3,65.1,47.1
3.32,46.9,56.7,22.2,49.7,22.6,60.1,50.2
3.34,46.9,58.7,23.4,50.2,26.9,54.3,53.4
3.36,48,61.6,24.7,51.8,29.8,49.1,52.6
3.38,49.3,63.9,27.5,54,30.1,47.1,48.5
3.4,49,64.7,33.4,56.3,29.5,49.6,44.7
3.42,46.7,64.6,39.2,57.3,28.9,55.1,42.8
3.44,44.4,65.4,40.5,56.6,28,59.4,42.4
3.46,43.7,67.9,37.4,55.3,26.8,59.7,44.1
3.48,42.7,70.3,33.1,55.1,26.2,57.9,48.8
3.5,39.2,70.4,30.2,55.3,25.7,58.6,54.7
3.52,33.8,68.9,30.4,54.9,24.7,62.1,59.1
3.54,28.7,68,34.9,54.3,23.6,61.9,61
3.56,25.7,68.5,42.5,55.5,23.3,53.9,59.9
3.58,25.8,69.5,48.3,58.2,23.9,42.7,55.1
3.6,30.2,70.4,47.9,59.3,25.9,36.7,48.1
3.62,38.1,71.1,41.9,56.2,29.2,38.1,42.6
3.64,46.2,69.8,33.6,51,31.9,42.6,39.8
3.66,49.8,66,26.1,48.3,31.7,45.8,37.8
3.68,47.4,62.8,21.7,49.9,28.8,47.4,35.8
3.7,41.4,62.7,22.6,53.6,26.2,48.7,35.1
3.72,36.2,64.1,28.6,56.5,26,50.5,36.5
3.74,34.1,64,36,58.2,27.7,52,38.9
3.76,35.5,62,41,59.1,29.4,52.7,41.6
3.78,40.5,58.9,42.2,59.7,29.7,52.5,44.3
3.8,47.4,55.5,40.7,60.8,28.4,50.7,46.2
3.82,52.1,53.6,38.7,63.6,26.6,46.9,46.3
3.84,51.4,54.5,38.1,67.3,25.4,43,44.8
3.86,47.9,55.5,38.8,69.6,24.2,42.4,42.9
3.88,46.8,53.2,39.3,69,22.9,45.6,42.1
3.9,48.9,49.7,39.2,66.1,22.9,48.6,43.9
3.92,50.2,50.3,40.2,61.7,25.5,49.3,48.1
3.94,48.3,54.7,44,56.9,29.9,49.2,51.9
3.96,44.2,57.7,49,53.2,34.8,48.6,52.2
3.98,40.2,58.4,52.4,51.8,39.4,45.7,49.5
4,37.9,60.1,53.2,51.7,42.6,42.7,46.4
4.02,39.1,63.3,52.6,51.6,42.7,45.2,45.3
4.04,42.3,64.2,51.3,51.5,39.4,52.6,46.6
4.06,42.4,61.8,49.4,51.9,34.8,56.9,48.4
4.08,37.5,59.5,46.9,52.4,31.1,54.7,46.9
4.1,32.8,59.7,44.2,52,29.6,51.1,41
4.12,35.2,61.3,42.6,50.5,30.3,50.7,34.7
4.14,44.3,62.2,43.5,49.1,32.5,52.1,33
4.16,53,61.6,47.5,49.2,35.1,52.7,35.7
4.18,55.3,60.7,52.3,51.2,37.2,52.3,38.7
4.2,51,60.9,53.8,53.6,38.8,50.7,40.6
4.22,44.3,62.4,51,55,39.3,47.9,43.7
4.24,39.3,63.8,47.3,54.8,38.9,45.9,48.4
4.26,38,63.9,47.4,54.6,38.2,46.4,52.1
4.28,39.2,63.3,51.6,55.3,37.5,48.8,52.5
4.3,39.8,62.7,56.7,55.7,36.7,51.8,50.6
4.32,38.6,61.7,59.9,54.1,36.5,55.1,47.9
4.34,38,60.8,61.6,51.4,38,57.6,44.1
4.36,40.4,62.5,63.1,50.1,40,57.6,39.3
4.38,45,67,64.3,51.3,39.5,55.1,36
4.4,48.5,71.2,64.5,52.8,36.7,52,37.2
4.42,49.5,71.9,64.1,52.5,34.6,49.7,41.7
4.44,49,69.7,63.6,50.5,35.2,49.1,45.6
4.46,47.6,65.8,62.9,48.3,37.4,49.5,46.6
4.48,45.5,60.3,62.2,46.9,39.5,48.8,46
4.5,43.6,53.7,61.4,46.9,40,46.6,45
4.52,42.8,49.5,60.6,48.5,38.1,45.3,42.5
4.54,41.7,50.8,59.3,51.1,35,46.4,37.6
4.56,38.6,56.5,58.2,52.3,33.8,47.7,32.2
4.58,34,61.2,57.7,50.5,35.4,47.1,29.4
4.6,30.4,61.8,56.9,47.1,37.1,45.4,30.1
4.62,29.9,60,54.9,45.6,37.2,43,33
4.64,32.8,58.7,53.6,47.4,37.3,38.5,36.6
4.66,37.6,57.8,54.3,50.4,38.4,33.5,40.4
4.68,40.6,56.1,54.3,51.5,38.9,31.9,43.6
4.7,39.5,54.5,50.9,50.6,37.8,34,44.6
4.72,36.1,55.1,46.1,50.1,35.9,35.9,42.9
4.74,33.9,56.9,44.3,51.9,34.6,35.7,40.6
4.76,33.7,58.2,46.4,55.2,34.8,33.8,39.8
4.78,33.2,60,48.7,57.6,36.7,30.3,38.7
4.8,30.9,63.7,49.2,57.6,38.8,26.3,34.8
4.82,27.1,67.2,48.4,55.3,39.2,25.7,30
4.84,23.7,67.5,46.4,51.6,37.9,29.5,29.4
4.86,23.6,65.4,42.9,48,37.2,32.7,34.5
4.88,28.3,63.9,39.9,46,38.3,32.3,41.6
4.9,34.9,64,39.4,45.5,40.2,31.2,47.8
4.92,38.7,64,40.1,45.8,42.3,32,52.6
4.94,38.6,62.7,39.2,46.7,44.6,32.9,55.4
4.96,38.4,60.2,36.6,49.3,46.3,32.7,55
4.98,40.7,57.5,34.3,52.6,46.7,33.7,53.1
5,43.2,56.6,33.5,54.4,46.1,37.1,52.7
5.02,43,58.8,33.9,53.6,45.2,41.6,53.9
5.04,40.6,62.1,34.4,52.3,43.6,46.3,54.4
5.06,38.9,62.9,33.2,52.1,41,50.3,54.3
5.08,38.7,60.2,29.6,52.2,38.2,52.1,55.4
5.1,38.4,55.5,25.8,51,35.5,50.9,57.2
5.12,37.2,51.2,24.4,48.7,33.4,48.9,57.2
5.14,36.4,49.3,24.8,46.8,33.1,48.4,54.4
5.16,37.3,50.3,24.5,46.2,34.9,48.9,50.9
5.18,37.7,52.6,22.4,47.1,37,49.2,49.1
5.2,35.7,53.4,18.4,49.7,37.9,49,49.2
5.22,33.7,52.5,13,53.4,38.3,48,49.5
5.24,35.3,53.1,9.7,56.6,39.1,45.9,48.6
5.26,38.8,56.5,13.5,58.2,39.5,43.2,47.9
5.28,39,60.1,23.6,58.3,39,41.4,48.9
5.3,35.4,61.4,32.7,58.2,38.3,40.9,51.1
5.32,33.4,61,35.2,57.7,38.4,41.5,52.5
5.34,35.7,61.1,33.1,55.4,39.2,41.9,53
5.36,39.6,62.2,31.4,51.4,40.3,41.1,54.5
5.38,41.8,63.1,31.7,48.2,41.3,39.4,58.2
5.4,42.1,63.6,33.4,48,41.7,38.8,62.5
5.42,41.1,64.4,35.7,50.5,41.2,40.6,65.1
5.44,38.9,65.1,37.7,53.4,40.9,43.7,64.7
5.46,35.8,63.9,38.8,55.7,41.1,45.9,61.9
5.48,32.6,60,39.2,57.2,41.2,46.5,57.7
5.5,30.7,56.1,38.9,58.3,40.1,47.4,52.9
5.52,32.3,55.1,37.7,58.6,38.2,50.6,48.3
5.54,39.4,56.1,37.4,58.2,36.4,55.5,45.9
5.56,49.8,56.3,41.1,57.4,35.4,58,46.3
5.58,57.6,55.7,47.9,56.3,35.7,54.3,47.3
5.6,58.7,57.3,52.8,55.5,36.6,46.1,46.7
5.62,54.9,61,52.8,56.1,36.8,38.7,45.7
5.64,50.4,63.6,49.6,58.2,36.1,36.2,47.1
5.66,46.8,63.3,46.4,61,35.9,37.7,50.6
5.68,43.4,61.8,45.4,63.2,36.3,39.6,54.6
5.7,40.5,60.3,47.9,63.8,35.5,38.9,58.4
5.72,40.3,59.1,53.1,62.3,33.4,36.3,60.8
5.74,43.3,58.6,57.7,59.5,32.7,35.1,60.2
5.76,45.4,59.8,59.3,57.4,34.5,36.4,57.6
5.78,42.9,61.7,59.2,57.2,36.1,36.9,55.6
5.8,37.9,62.8,59.1,57.6,35.1,35,53.8
5.82,37.4,62.9,58.5,57.1,33.2,34,50.2
5.84,44.1,62.8,56.6,56.4,33.7,36.5,46.1
5.86,53.1,62.8,54.4,56.9,36.8,39.4,45.5
5.88,57.7,62.3,53.4,58,39.8,38.7,48.5
5.9,56.2,61.2,53.3,57.3,40.4,36.6,51.9
5.92,51.2,59.5,53.7,54.5,38.9,37.6,55
5.94,46,57.4,54.5,52,37.1,41,58.5
5.96,42.3,55.5,54.8,51.7,36.1,43.2,61.1
5.98,40.2,55.8,53.6,52.9,35.9,43.6,61
6,39,59.1,51.8,54.3,35.9,44.8,59.6
6.02,39.7,62.9,51.5,55.8,35.6,48.2,59.7
6.04,43.1,64.2,53.3,56.6,35,51.9,61.6
6.06,47.5,61.6,54.7,55.3,35,52.7,64.2
6.08,50.6,57.2,53,52.1,35.5,49.8,66.3
6.1,51.9,54.5,49,48.6,35.7,46,67.1
6.12,51.8,55.8,46.1,46.6,34.6,44.2,66.2
6.14,50.7,60.2,46.7,46.6,33.5,43,64
6.16,49.8,64.9,49.1,48.2,34.5,40,60.8
6.18,51.4,67.2,49.2,50.5,36.9,36.6,55.9
6.2,54.6,67.2,45.7,51.4,38.4,36.5,50.8
6.22,54.7,66.3,41,50.1,37.9,39,48.1
6.24,50.4,65,39.2,48.5,36.6,40.8,48.4
6.26,46.8,62.9,41.2,49.4,34.8,42.5,50.4
6.28,48.2,59.9,44.3,52.6,31.8,46.5,52.7
6.3,52.4,56.3,44.9,55.3,28.4,51.7,54.7
6.32,55.1,52.2,41.9,55,27.6,54.2,56.5
6.34,55.8,48.1,37.6,52.3,30.2,53.5,58.9
6.36,55.6,45.7,35.4,49.7,33.4,52,61.8
6.38,54.9,47,36.7,49.3,34.5,50.9,63.2
6.4,54.1,50.8,40.4,50.6,34.5,50.4,61.6
6.42,54.2,53.3,44.3,52,34.9,52,59.6
6.44,54.5,53,45.5,52.5,35.1,56,60.4
6.46,52.9,52.5,42.3,52.6,34.6,58.8,62.7
6.48,50,53.8,36,52.8,34,56.8,63.7
6.5,48.7,55,30.6,52.8,34.1,50.3,63.9
6.52,50.6,54.1,29.8,52.4,33.4,43.2,65.2
6.54,53.6,52.7,33.2,51.9,31.5,39.7,66.2
6.56,54.2,52.9,37.8,50.3,30.5,41.7,64.8
6.58,51.7,54.7,40.6,47.4,32.3,47,62.1
6.6,49.4,56.5,41.8,45.1,34.8,52.5,59
6.62,51.3,58,43.4,46,34.3,56.2,55.4
6.64,57.6,60.3,46.4,49.8,29.6,57.9,52.4
6.66,63.8,63.2,48.9,53.5,23.9,56.8,51.9
6.68,65.7,65.1,49,54.6,22,52.8,53.2
6.7,63.2,64.4,46.9,53.1,25.5,48.8,53.2
6.72,58.8,60.8,44.4,50.4,31.8,47.6,51.6
6.74,53.9,56.3,42.4,48.3,36.3,48.3,50.5
6.76,49.6,53.5,40.8,48.7,36.7,47.6,50.3
6.78,47.6,53.8,40.1,51.2,35,44.5,50.8
6.8,48.7,56.2,40.3,52.8,34.1,41.4,52
6.82,51.3,59.5,40.9,51.2,34.7,40.1,53.6
6.84,53.5,63.2,41.6,48.1,36,41.3,55
6.86,55.6,66.7,42.3,47.2,37.5,44.5,56.7
6.88,58,68.5,42.2,49.8,38.7,48.5,58.9
6.9,59.6,68.4,41.5,53.5,38.4,50.4,60.3
6.92,59.5,67,41.4,55.2,36.2,48.4,59.9
6.94,57.9,64.7,42.8,54.1,34.1,43.3,60.1
6.96,55.5,62.2,44,52.2,34.1,38.5,61.7
6.98,52.7,60.6,44.2,50.8,35.8,36.5,60.9
7,51,60.9,44.7,50.4,37.1,37,56
7.02,51.5,61.1,46.2,50.8,36.9,38.5,51
7.04,52.6,58.7,47.4,51.9,36.3,40.2,49.3
7.06,53.3,54.4,47.9,53,36.3,42.5,49.1
7.08,54.4,52,48,53.3,36.6,46,47.9
7.1,56.7,53.3,46.5,53.7,36.4,49.4,46.3
7.12,57.5,55.4,41.9,54.7,36.3,51.1,46.3
7.14,55.3,54.6,36.4,54.7,36.8,49.8,48.4
7.16,52.7,51.7,34.3,52.2,37.4,46.4,52.4
7.18,52.4,51.1,35.6,49.2,37.3,43.4,56.6
7.2,52.5,54.6,36.1,48.5,36.6,42.9,58.3
7.22,51,58.9,34.6,50.1,36.7,44.2,57.1
7.24,50.4,59.7,33.7,50.9,37.4,45.1,56.5
7.26,53.3,56.7,34.4,49.8,37,45.3,57.9
7.28,56.7,53.4,35.3,48,35.3,46.6,57.8
7.3,55.5,52.3,36.4,46.6,33.3,48.9,54.2
7.32,50.7,53.9,39.9,45.7,32.1,48.5,51.1
7.34,46.8,57.1,46,46.2,31.1,42.4,52.7
7.36,45.4,60,51.9,47.9,29.7,33.2,57.6
7.38,44.3,60.8,54.8,49.2,28.4,27.7,62.4
7.4,42.6,59.4,54.3,49.2,27.8,29.5,65.5
7.42,42.5,57.4,52.5,48.9,27.4,36.4,66.7
7.44,45.9,55.9,52.7,48.9,27.1,43.8,65.9
7.46,51.1,54,56.1,48.6,27.6,49.1,64.4
7.48,54.3,51.8,59.8,47.8,29.1,52.6,63.8
7.5,53.8,50.3,60.6,47.6,30.9,55,63.6
7.52,51.9,50.4,58.2,48.5,32,56.7,62.6
7.54,50.9,51.2,55.1,49.8,32.1,58,62.2
7.56,49.8,52,53,50,32.3,59,64.5
7.58,46.8,52.9,52.6,48.9,33.4,58.8,68.4
7.6,43.3,54.5,53.9,47.4,35.7,56.2,70.1
7.62,41.8,56.9,55.6,46.8,38.3,51.2,68.4
7.64,42.2,58.8,55.4,47.2,39.3,45,65.8
7.66,43.3,58.1,53.2,48,37.7,40,64.6
7.68,45.2,54.9,51.1,48.2,34.5,38.8,64.2
7.7,46.5,51.9,50.2,47.8,31.5,43,63.1
7.72,43.7,51.9,48.7,47.3,30.4,50.8,60.6
7.74,37.2,53.5,46.2,47.4,31.1,58.8,58
7.76,32.5,53.4,45,48.9,32.7,64.3,57.2
7.78,33.8,50.3,45.5,51.5,33.6,66.2,58.1
7.8,38.8,46.1,44.7,53.5,32.5,65.2,58.3
7.82,42.6,42.9,41.2,53.6,30.1,62.2,57.1
7.84,43.5,41.6,37.9,52.5,29.5,58.3,57
7.86,43,42.4,37.6,51.9,32.7,53.4,59.4
7.88,42.9,45.1,38.7,52.7,37.6,47.8,61.3
7.9,44,48.5,40,54.5,40.5,43.1,59.3
7.92,45.2,51.1,43.1,56.8,41,42,54.5
7.94,44.5,52.2,49,59.1,40.7,45.3,50.5
7.96,42,52.7,54.3,59.9,40.4,51.2,48.6
7.98,40,54.2,54.9,58.9,39.6,55.4,48.3
8,39.5,57.4,51.2,57.7,38.6,55.6,50.6
8.02,38.4,60.1,46.8,57.5,38.2,54.2,55.9
8.04,34.7,60.5,44,57.7,37.7,55.8,62.3
8.06,29.4,59.5,44.4,57,36.6,59.5,67.1
8.08,24.8,59.5,49.2,56.4,35.4,58.9,69.5
8.1,22.4,60.7,56.6,57.8,35,50.4,69
8.12,23.3,62.2,61.5,60.4,35.5,39.9,64.8
8.14,28.5,63.7,59.9,60.9,37.4,35.2,59
8.16,37,64.8,53.1,57.1,40.3,37.7,55.1
8.18,45.1,63.7,44.5,51.9,42.3,42.6,53.9
8.2,48.3,60.4,36.9,49.6,41.1,46,53.3
8.22,45.6,58,32.7,51.6,37.5,48,52.7
8.24,39.8,58.8,33.9,55.2,34.5,49.8,53.5
8.26,35.2,60.6,40,57.9,34,52,56.4
8.28,33.9,60.7,47,59.4,35.1,53.9,60
8.3,36.1,59,51.1,60.2,36,55,63.8
8.32,41.7,56.2,51.4,60.7,35.3,55.1,67.4
8.34,48.9,53.2,49.4,62.1,33.1,53.5,69.9
8.36,53.3,52,47.1,65.1,30.5,50,70.4
8.38,52.2,53.4,46.3,68.8,28.5,46.8,69.3
8.4,48.9,54.4,46.7,70.8,26.6,47.2,67.7
8.42,48.5,51.9,46.8,70,24.6,51.1,67.3
8.44,50.9,48.9,46.2,66.9,24.1,54.3,69.5
8.46,52,50.4,47.2,62.5,26.3,55.1,73.8
8.48,49.8,55,51,57.9,30.2,55.4,77
8.5,45.8,57.7,55.5,54.6,34.5,55,76.4
8.52,42,58.4,58.2,53.5,38.4,52.3,73
8.54,40.2,60.4,58.4,53.6,40.8,50.1,69.5
8.56,41.9,63.4,57.4,53.6,40,53.9,68.1
8.58,45.1,63.8,55.7,53.7,36,61.7,68.9
8.6,44.6,61.1,53.5,54.3,31,65.5,69.6
8.62,39.4,58.9,50.6,54.9,27.3,63.1,66.8
8.64,35.4,59.2,47.7,54.4,25.9,60.1,59.8
8.66,39,60.6,46.1,52.8,26.7,60.3,53.2
8.68,48.7,61,47.2,51.6,28.9,62,51.5
8.7,57,60.1,51.3,52.1,31.5,62.7,53.9
8.72,58.5,58.9,55.8,54.2,33.6,62.3,56.2
8.74,53.9,59,56.6,56.6,35.2,60.8,57.6
8.76,47.4,60.3,53.3,57.7,35.8,58.2,60.6
8.78,43.1,61.2,49.9,57.4,35.4,56.6,65.1
8.8,42.6,60.7,50.5,57.3,35,57.6,68.3
8.82,44.1,59.7,55.1,57.9,34.6,60.2,68.2
8.84,44.8,58.7,60,58,34.1,63.4,66.1
8.86,43.8,57.2,63,56.1,34.4,66.8,63.4
8.88,43.9,56.2,64.8,53.2,36.5,69.1,59.6
8.9,47,57.9,66.3,52.1,38.7,68.8,54.9
8.92,52,62.2,67.5,53.3,38.3,66.2,52.4
8.94,55.6,65.6,67.8,54.6,35.8,63.1,54.4
8.96,56.7,65.5,67.4,53.8,34.4,61.1,59.4
8.98,56.4,62.7,67.1,51.4,35.6,60.6,63.2
9,55.2,58.2,66.5,49.1,38.3,61,64.2
9.02,53.4,52.2,65.9,47.7,40.6,60.1,63.8
9.04,52,45.4,65.3,47.7,41.2,57.8,62.9
9.06,51.5,41.4,64.5,49.4,39.3,56.7,60.2
9.08,50.5,43.2,63.3,51.8,36.6,58,55.2
9.1,47.4,48.8,62.4,52.5,36,59,50
9.12,42.9,52.9,62.1,50.2,38,58.1,47.6
9.14,39.8,52.8,61.2,46.7,39.7,56.3,48.5
9.16,39.8,50.8,59.4,45.5,39.8,53.6,51.3
9.18,43.3,49.5,58.4,47.6,40.2,48.7,54.6
9.2,48.1,48.4,59.3,50.4,41.4,43.7,58
9.22,50.7,46.5,59.3,51.2,41.8,42.6,60.4
9.24,49.2,45.2,55.7,50.2,40.5,44.8,60.4
9.26,45.7,45.9,51.2,49.9,38.6,46.3,57.7
9.28,43.8,47.8,50.3,52,37.4,45.7,54.7
9.3,43.7,49.1,53,55.3,37.8,43.5,53.1
9.32,43.1,51.1,55.5,57.6,39.7,39.6,50.8
9.34,40.5,55,56.3,57.3,41.5,35.5,45.5
9.36,36.5,58.4,55.9,54.8,41.5,35.4,39.8
9.38,33.3,58.4,54.3,51.1,39.9,39.3,39
9.4,33.8,56.4,51.4,47.8,39.3,41.9,43.4
9.42,38.9,55.3,49.4,46.1,40.3,40.9,49.4
9.44,45.4,55.6,50.1,45.9,42,39.8,54.2
9.46,48.6,55.7,51.6,46.3,43.9,40.6,57.8
9.48,48.3,54.4,51.4,47.6,46,41.1,59.1
9.5,48.5,52,49.7,50.4,47.3,40.6,57.4
9.52,51.1,49.6,48.6,53.8,47.3,41.6,54.6
9.54,53.4,49.3,49.1,55.3,46.5,45,53.6
9.56,52.9,51.9,50.6,54.5,45.3,49.4,54
9.58,50.6,55.3,52.1,53.3,43.4,53.7,53.6
9.6,49.3,55.9,51.7,53.4,40.5,57.3,53
9.62,49.4,53,48.9,53.4,37.5,58.4,53.8
9.64,49.2,48.4,46.3,52,34.7,56.6,55.1
9.66,48.1,44.5,46.1,49.7,32.7,54.4,54.5
9.68,47.8,43.1,47.4,47.9,32.5,53.8,51.2
9.7,49,44.6,47.6,47.4,34.3,54.1,47.7
9.72,49.4,46.9,45.9,48.5,36.2,54,46.2
9.74,47.4,47.5,42,51.2,36.9,53.5,46.6
9.76,45.9,46.7,36.9,54.8,37.2,52.1,46.9
9.78,48.1,47.8,34.4,57.7,38,49.6,46.2
9.8,51.6,51.4,39.2,58.9,38.2,46.6,45.9
9.82,51.3,54.9,49.5,58.7,37.5,44.6,47.5
9.84,47.7,55.8,57.5,58.4,36.9,44.1,50.2
9.86,46.2,55.4,58.6,57.4,37.1,44.4,51.9
9.88,49,55.7,55.7,54.7,37.9,44.5,52.8
9.9,52.7,56.8,53.3,50.3,39,43.2,55.1
9.92,54.5,57.6,52.9,47.1,40,41.4,59.5
9.94,54.4,58.1,53.5,47,40.2,40.8,64.3
9.96,53.1,58.9,54.5,49.4,39.6,42.7,67
9.98,50.5,59.4,55,51.9,39.3,45.5,66.7
10,46.9,57.7,54.5,53.7,39.6,47.3,64.1
10.02,43.5,53.5,53.4,54.8,39.5,47.7,60.3
10.04,41.4,49.7,51.4,55.5,38.3,48.6,55.8
10.06,43.2,49,48.4,55.3,36.3,52,51.7
10.08,50.4,50,46.9,54.6,34.4,56.8,50
10.1,60.3,49.8,49.5,53.4,33.5,58.5,50.9
10.12,66.7,49.3,54.8,52,33.9,54,52
10.14,66.5,51.1,57.6,51,34.8,45.5,51.4
10.16,61.7,54.7,55.5,51.6,34.7,38.6,50.8
10.18,56.6,56.9,50.8,53.6,33.9,36.6,52.7
10.2,52.5,56.2,46.4,56.2,33.6,38.4,56.4
10.22,48.5,54.5,44.6,58.1,33.8,40.1,60.5
10.24,45.2,53,46.5,58.3,32.7,39,64.2
10.26,44.8,51.7,50.8,56.5,30.5,36.5,66.3
10.28,47.4,51.2,54.2,53.5,30,35.7,65.3
10.3,48.6,52.4,54.8,51.7,31.8,37.2,62.6
10.32,44.9,54.3,54.1,51.7,32.9,37.5,60.7
10.34,39.6,55.1,53.6,52.1,31.5,35.5,58.7
10.36,39.7,54.9,52.6,51.6,29.5,35,54.6
10.38,46.6,54.8,50.4,51.2,30.2,38,50.7
10.4,55,54.7,48.3,52.1,33.3,40.6,50.4
10.42,58.6,54,47.5,53.3,35.9,39.7,53.4
10.44,56.3,52.7,47.6,52.5,35.9,38,56.5
10.46,50.8,50.9,48.4,49.9,34.2,39.5,59.3
10.48,45.6,48.6,49.6,48.1,32.3,43.1,62.5
10.5,42.1,46.8,50.2,48.4,31.2,45.2,64.5
10.52,40,47.5,49.4,50,30.9,45.6,63.7
10.54,39,50.9,48.2,51.9,30.8,47.3,61.9
10.56,40,54.5,48.9,53.8,30.4,51,61.7
10.58,43.7,55.2,51.6,54.8,29.7,54.6,63.3
10.6,48.1,52.2,53.4,53.7,29.7,55.1,65.4
10.62,51,47.7,52.1,50.7,30.3,52,66.9
10.64,52,45.4,48.7,47.7,30.3,48.5,67
10.66,51.8,47.2,47,46.4,29.2,47,65.4
10.68,50.6,51.8,48.8,47,28.4,45.8,62.6
10.7,49.9,56.2,51.9,49.2,29.8,42.6,58.7
10.72,51.9,58.2,52.2,51.7,32.4,39.6,53.3
10.74,54.8,58,49,52.7,33.9,40,48
10.76,54.2,57,45.3,51.5,33.5,42.6,45.3
10.78,49.5,55.7,44.6,50.3,32.5,44.4,45.8
10.8,46.2,53.5,47.5,51.7,30.9,46.3,47.7
10.82,47.9,50.3,51,55.2,28.1,50.7,49.8
10.84,51.8,46.7,51.5,57.8,25.3,55.8,51.8
10.86,53.9,42.6,48.6,57.1,25.5,57.8,53.7
10.88,54,38.6,44.7,54.3,28.9,56.9,56.4
10.9,53.3,36.7,43.2,51.9,32.5,55.5,59.6
10.92,52,38.5,45.1,51.7,34,54.3,61.1
10.94,50.8,42.5,49.2,53,34.7,54,59.7
10.96,50.5,44.7,52.9,54.1,35.8,56,58.5
10.98,50,44.3,53.6,54.4,36.6,60.1,60.3
11,47.6,44.1,49.7,54.3,36.8,62.5,63.3
11.02,44,45.6,43.1,54.2,37.1,59.8,64.9
11.04,42.4,46.7,37.9,53.8,37.9,52.9,66
11.06,44.1,45.8,37.3,53.2,37.9,46,68.3
11.08,46.3,44.6,40.8,52.3,36.7,43.3,69.8
11.1,45.8,45.3,44.8,50.2,36.8,45.8,69.1
11.12,42.5,47.3,46.8,46.9,39.7,51.4,67.1
11.14,40,49.1,47.4,44.6,42.9,56.6,64.9
11.16,42,50.9,48.6,45.6,42.5,60.1,62.1
11.18,48,53.5,51,49.4,38.2,61.5,60
11.2,53.4,56.5,52.7,52.6,33.6,60,60.6
11.22,54.2,58.4,51.7,53,33.1,55.9,62.5
11.24,51,57.5,48.8,51.1,37.9,52.2,62.9
11.26,46.1,53.9,45.6,48.1,44.9,51.4,61.8
11.28,40.9,49.6,42.9,46.1,49.6,52.1,61.3
11.3,36.6,47.4,40.7,46.8,50.2,51.1,61.6
11.32,34.9,48.3,39.4,49.3,49,47.9,62.5
11.34,36.3,51,39,50.6,48.8,45,64.2
11.36,38.9,54.5,39,48.7,50.1,44.1,66.1
11.38,41.1,58.5,39,45.7,51.9,45.6,67.7
11.4,43.4,62,39,45.4,53.8,49.1,69.7
11.42,45.9,63.8,38.3,48.6,55.3,53,72.1
11.44,47.6,63.7,37,52.5,55.1,54.6,73.4
11.46,47.5,62.3,36.6,54,53.1,52.1,73.1
11.48,46.1,60.2,37.6,53.1,51.4,46.9,73.7
11.5,44,57.9,38.2,51.6,51.9,42.4,75.3
11.52,41.6,56.8,37.9,50.8,53.9,40.8,74.1
11.54,40.6,57.4,38.1,50.9,55.1,41.6,69.1
11.56,41.7,57.6,39.3,52,55,43.2,64.5
11.58,43.3,55,40.1,53.7,54.5,44.9,63.2
11.6,44.4,50.9,40.2,55.2,54.6,47.4,63.1
11.62,46.3,49.2,39.9,56.1,54.9,50.9,61.7
11.64,49,51.1,37.8,57.2,54.8,54.2,60.3
11.66,50,53.1,32.6,58.8,54.6,55.6,60.5
11.68,48,52.2,27.1,59.1,55.2,53.9,62.7
11.7,46.2,49.6,25.4,57,55.7,50.3,66.7
11.72,46.7,49.7,26.5,54.7,55.4,47.5,70.5
11.74,47.1,53.9,26.5,55.1,54.7,47.3,71.4
11.76,46,58.2,24.8,57.3,54.8,48.6,69.6
11.78,46.3,58.7,23.9,58.4,55.3,49.3,68.8
11.8,50.1,55.8,24.5,57.7,54.7,49.4,69.8
11.82,53.6,52.9,25.1,56.4,52.6,50.8,68.6
11.84,52.3,52.5,26.3,55.4,50.6,52.9,64.1
11.86,47.8,54.7,30,55.2,49.3,51.7,60.8
11.88,44.8,58.4,36.1,56.2,48,44.8,62.2
11.9,44.1,61.5,41.6,58.3,46.4,35.6,66.5
11.92,43.4,62.3,43.9,59.8,45.1,30.8,70.3
11.94,42.2,61,42.9,59.9,44.2,33.3,72.4
11.96,43,59.5,41.1,59.8,43.6,40.4,72.6
11.98,47.4,58.3,41.6,59.9,43.1,47.5,70.9
12,53,56.8,45.1,59.7,43.4,52.4,68.8
12.02,56.3,55,48.5,59,44.7,55.6,67.8
12.04,56,54.1,48.7,58.8,46.2,57.8,67.1
12.06,54.7,54.7,46,59.9,46.8,59.2,65.8
12.08,54.4,56,42.8,61,46.5,60.4,65.4
12.1,53.7,57.1,40.9,60.9,46.3,61.2,68
12.12,51.1,58.5,40.6,59.5,47.2,60.6,72
12.14,48.4,60.6,41.9,57.8,49.2,57.7,73.5
12.16,47.8,63.4,43.4,57.1,51.2,52.4,71.9
12.18,48.9,65.4,42.7,57.3,51.4,46.1,69.9
12.2,50.7,64.7,40.1,57.8,49.1,41.4,69.5
12.22,53.3,61.6,38,57.5,45.2,40.8,69.9
12.24,54.8,59.2,36.9,56.7,41.9,45.5,69.4
12.26,52,59.8,35,55.7,40.5,53.6,67.6
12.28,45.9,61.7,32.2,55.6,40.8,61.4,66.1
12.3,42.5,61.4,30.9,56.9,41.9,66.5,66.4
12.32,45.1,58.3,31.1,59,42,68,68.2
12.34,50.7,54.2,29.6,60.4,40.1,66.7,69
12.36,54.6,51.4,25.4,59.8,37.1,63.6,68.4
12.38,55.7,50.5,22,58.1,36.4,59.6,69.1
12.4,55.5,51.7,21.5,57.2,39.4,54.6,72
12.42,56,54.6,22.2,57.6,43.6,49.1,73.8
12.44,57.5,57.9,23,58.9,45.7,44.8,71.2
12.46,58.9,60.3,26,60.8,45.4,44.3,66.1
12.48,58.3,61.3,31.6,62.4,44.6,48.2,61.9
12.5,55.9,61.7,36,62.4,43.8,54.1,59.6
12.52,54.3,63.4,35.4,60.8,42.5,57.9,58.6
12.54,54.1,66.5,31.1,59.2,41.1,57.7,60.2
12.56,52.8,68.9,26.4,58.6,40.3,56.5,64.5
12.58,48.9,68.8,23.7,58.1,39.4,58.6,69.2
12.6,43.6,67.6,24.4,56.8,37.9,62.2,72
12.62,39.3,67.5,29.6,55.8,36.6,60.5,72.3
12.64,37.2,68.6,36.9,56.9,36,51.3,69.3
12.66,38.5,69.8,41.2,58.9,36.5,41.1,62.7
12.68,44.2,71.1,38.9,58.3,38.4,37.4,54.8
12.7,52.9,71.7,31.9,53.6,41.2,40.4,49.2
12.72,60.5,70,23.7,48,42.8,45.2,46
12.74,62.8,66.3,16.8,45.8,41.2,48.2,43.3
12.76,59.3,64,13.7,47.6,37.5,49.8,40.7
12.78,53.4,64.7,16.3,50.6,34.8,51.6,39.9
12.8,49,66.2,23.5,52.6,34.7,53.6,41.1
12.82,48.1,65.7,31.1,53.5,36,55.2,43
12.84,50.6,63.5,35.6,53.7,36.9,55.9,45.3
12.86,56.5,60.4,36.4,53.9,36.1,55.5,47.5
12.88,63.5,57.2,35.2,54.9,34,53.3,48.5
12.9,67.1,56.1,34,57.7,31.7,49.4,47.7
12.92,65.3,57.5,34.4,60.9,30,46.1,45.6
12.94,62.1,57.9,35.8,62.2,28.3,46.8,43.5
12.96,62.2,54.8,36.6,60.7,26.7,50.4,42.8
12.98,64.6,52,37.1,57.2,26.8,52.9,45.1
13,65.2,53.9,39.2,52.4,29.6,53.2,49.2
13.02,62.7,58.3,44,47.6,33.9,53.1,51.8
13.04,58.5,60.5,49.2,44.5,38.4,52.1,50.8
13.06,54.8,61.1,52.2,43.5,42.5,48.7,47.3
13.08,53.4,63.2,52.7,43.6,44.9,46.6,44.1
13.1,55.5,66,52,43.6,43.8,50.8,43.2
13.12,58.4,65.9,50.6,43.7,39.8,58.2,44.5
13.14,57.3,63,48.5,44.5,35.1,60.7,45.2
13.16,51.7,61.1,45.7,45.2,31.8,57.5,42.1
13.18,48.4,61.6,43,44.8,30.9,54.5,35.1
13.2,53,63,41.5,43.5,32,54.8,29.1
13.22,62.8,63.2,42.9,42.8,34.5,56,28.4
13.24,70.3,62.2,47.1,43.9,37,56.3,31.2
13.26,70.8,61.2,51,46.6,39.1,55.6,33.6
13.28,65.5,61.5,50.9,49.5,40.6,53.7,35.3
13.3,59,62.9,47,50.9,41,50.9,38.6
13.32,55,63.7,43.5,51.1,40.5,49.4,43.4
13.34,54.6,63.2,44.4,51.7,40,50.5,46.3
13.36,56,62.2,48.8,53.1,39.4,53.2,46
13.38,56.2,61.3,53.2,53.6,38.8,56.3,44
13.4,55,59.8,55.6,52.2,39,59.7,41.4
13.42,55.1,59.1,56.9,50.1,41,61.7,37.6
13.44,58.3,61.2,58.2,50.1,42.6,61.1,33.3
13.46,63,65.7,59.1,52.2,41.5,58.4,31.5
13.48,65.9,68.9,59,53.9,38.6,55.5,34.5
13.5,66.5,68.4,58.5,53.6,37.1,53.8,40
13.52,65.7,65.3,58,51.8,38.1,53.7,43.9
13.54,64.1,60.8,57.4,50.3,40.3,54.1,45.2
13.56,61.9,54.5,56.8,49.6,42,53.2,45.4
13.58,60.3,47.9,56.2,50.4,41.8,51.2,45.1
13.6,59.5,44.6,55.4,52.8,39.1,50.7,42.9
13.62,57.9,47.1,54.3,55.7,35.9,52.3,38.6
13.64,54.2,52.8,53.6,56.5,35.2,53.4,34.6
13.66,49.4,56.5,53.4,54.2,36.8,52.6,33.7
13.68,46.2,55.9,52.5,51.2,37.6,51,36
13.7,46.4,53.9,50.7,50.7,37.1,48.4,40
13.72,49.8,52.6,50.1,53.3,37,43.6,44.6
13.74,54.1,51.5,51.1,56.1,37.7,39.3,49.1
13.76,55.9,49.5,50.7,56.7,37.3,39.1,52.6
13.78,53.5,48.3,46.7,55.7,35.2,41.7,53.5
13.8,49.7,49.3,42.4,55.6,32.8,43.2,51.9
13.82,47.7,51,42,58,31.3,42.7,50.3
13.84,47.2,52.2,44.7,61.2,31.4,40.6,50.1
13.86,45.9,54.5,46.7,63,33,36.7,48.7
13.88,42.6,58.4,47,62.2,34.3,33.3,44.3
13.9,38.2,61.4,46.2,59.2,33.6,34,40.2
13.92,34.8,60.9,44,55.2,31.8,38.3,41.2
13.94,35.4,58.8,40.6,51.7,31,40.6,47.1
13.96,40.5,57.8,38.4,49.9,32,39.6,53.9
13.98,46.2,58.2,38.9,49.5,33.6,38.9,59.4
14,48.3,58.1,39.7,49.6,35.5,40,63.5
14.02,47.2,56.6,38.7,50.6,37.5,40.5,65.1
14.04,47.1,54,36.5,53.2,38.7,40.1,63.5
14.06,49.3,51.7,35,56,38.6,41.6,61.3
14.08,50.7,51.7,35.1,56.7,37.9,45.3,60.8
14.1,49.2,54.5,36.2,55.2,36.9,49.7,61.3
14.12,46.3,57.7,37.1,53.8,35.1,54.1,60.8
14.14,44.5,57.8,35.9,53.4,32.5,57.6,60.1
14.16,44,54.4,32.6,52.9,30,58.3,60.8
14.18,43,49.8,29.8,50.9,27.7,56.3,61.6
14.2,41.3,46.1,29.7,48.1,26.3,54.3,60.1
14.22,40.5,45,30.8,46,27,54,56
14.24,41.2,46.7,30.6,45.4,29.6,54.3,51.8
14.26,40.6,48.9,28.5,46.3,32,54.1,49.8
14.28,37.9,49.2,24.5,48.7,33.3,53.5,49.3
14.3,36.2,48.4,19.5,52,34.4,52.1,48.5
14.32,38.4,49.8,17.9,54.4,35.9,49.5,46.7
14.34,41.1,53.6,23.8,55,36.9,46.6,45.5
14.36,39.8,56.8,34.6,54.5,36.9,44.8,46.3
14.38,35.7,57.4,42.1,53.8,37.2,44.5,47.7
14.4,34.5,57,42.9,52.4,38.4,44.9,48.1
14.42,37.3,57.4,40.3,49.1,40.2,44.9,48
14.44,40.6,58.4,38.7,44.6,42.1,43.6,49.5
14.46,41.9,59.1,38.9,41.4,43.9,41.9,53
14.48,41.5,59.6,40.3,41.6,44.9,41.8,56.6
14.5,40,60.3,41.9,43.9,45.1,44,58.1
14.52,37.2,60.6,42.9,46.2,45.8,46.9,56.6
14.54,33.6,58.4,42.9,47.7,46.9,48.6,53
14.56,30.3,54,42.3,48.7,47.4,49.1,48.3
14.58,28.7,50.5,40.8,49.2,46.8,50.4,43.2
14.6,31.2,50,38.5,48.9,45.5,54.3,38.8
14.62,39.2,50.9,38,48,44.4,59.2,37
14.64,49.2,50.4,41.8,46.7,44.3,60.4,37.8
14.66,55.2,49.9,47.5,45.3,45.4,55.4,38.4
14.68,54.4,51.9,50.3,44.5,46.8,46.9,37.4
14.7,49.7,55.4,48.2,45.2,47.1,40.7,36.9
14.72,45.1,57,43.8,47.4,46.7,39.6,39
14.74,41.4,55.9,40.1,50,47,41.8,42.8
14.76,37.7,54,39.1,51.8,47.5,43.5,46.9
14.78,35,52.4,41.7,51.8,46.5,42.3,50.6
14.8,35.5,51,46.5,49.8,44.6,40,52.5
14.82,38.5,50.5,49.8,47,44.7,39.8,51.3
14.84,39.4,51.7,50.3,45.5,46.7,41.5,48.7
14.86,35.6,53.4,49.7,45.7,47.7,41.7,47.1
14.88,30.9,53.8,49.4,46.2,46.1,39.8,45.2
14.9,32.2,53.5,48.3,45.7,44.4,39.9,41.2
14.92,40,53.2,46.1,45.4,45.5,43.3,37.9
14.94,48.2,52.9,44.2,46.6,48.7,45.7,38.5
14.96,51.2,52,43.5,47.8,50.9,44.5,42
14.98,48.4,50.5,43.8,46.8,50.6,43.1,45.4
15,43,48.6,44.6,44.2,48.5,45.3,48.7
15.02,38,46.1,45.8,42.7,46.5,48.9,52.3
15.04,34.8,44.5,46.2,43.3,45.4,50.7,54.4
15.06,32.8,45.5,45.2,45.1,44.9,51.2,53.8
15.08,32,49.1,44.2,47,44.5,53.2,52.5
15.1,33.4,52.6,45.1,48.9,43.6,57.1,53.1
15.12,37.2,52.8,47.8,49.8,42.7,60.4,55.3
15.14,41.4,49.4,49.3,48.5,42.4,60.3,57.8
15.16,44,45.2,47.5,45.5,42.5,57,59.6
15.18,44.7,43.5,44.1,42.7,41.9,53.6,59.8
15.2,44.2,45.9,42.7,41.7,40.2,52.3,58.4
15.22,42.8,50.9,44.8,42.7,39.2,50.8,55.8
15.24,42.2,55.2,47.6,45.1,40.2,47.4,52
15.26,44.3,57.1,47.3,47.6,42.3,44.7,46.6
15.28,46.9,57.1,43.7,48.3,42.9,45.5,41.6
15.3,45.4,56.3,39.9,47.1,41.7,48,39.4
15.32,40.4,55.2,39.5,46.3,40,49.6,40.1
15.34,37.5,53.3,42.4,48.2,37.6,51.6,41.9
15.36,39.6,50.4,45.4,52,33.9,56.3,43.7
15.38,43.2,47.1,45.2,54.3,30.6,61,45.3
15.4,44.9,43.4,41.5,53.5,30.5,62.5,46.8
15.42,44.7,39.9,37.4,50.8,33.3,61.4,49.1
15.44,43.8,38.9,35.9,48.8,35.8,59.9,51.6
15.46,42.3,41.6,37.6,49.1,36.3,58.8,51.9
15.48,41.1,46,41.3,50.8,36,58.6,49.5
15.5,40.8,48.3,44.3,52,36.2,61,47.8
15.52,40.1,48.2,44,52.5,36.1,65,49.1
15.54,37.3,48.6,39.1,52.7,35.2,66.8,51.1
15.56,33.8,50.6,31.9,52.9,34.6,63.5,51.6
15.58,32.7,51.9,26.7,52.7,34.4,56.4,52
15.6,34.6,51.2,26.4,52.4,33.2,49.8,53.5
15.62,36.7,50.5,29.7,51.6,31,47.7,54
15.64,35.9,51.8,33.3,49.7,30.5,50.9,52.3
15.66,32.5,54.2,34.9,46.6,32.5,56.6,49.7
15.68,30.6,56.2,35.3,44.9,34.4,61.7,46.8
15.7,33.4,58.3,36.7,46.6,32.5,65,43.6
15.72,39.8,61.1,39.3,50.7,26.9,66.1,41.5
15.74,45,64.3,40.9,53.8,21.6,64.3,42.2
15.76,45.4,65.9,39.9,54.1,20.8,60.1,44
15.78,42.1,64.7,37.3,52.1,25.2,56.7,44.1
15.8,37.5,60.8,34.8,49.2,31.3,56.4,43.2
15.82,32.6,56.7,32.9,47.6,34.5,57.1,43
15.84,28.9,54.8,31.6,48.6,33.8,55.8,43.8
15.86,28,55.8,31.4,51.2,31.8,52.7,45.2
15.88,30,58.4,32,52.1,31.1,50,47.4
15.9,32.9,61.8,33.1,49.8,31.8,49.5,49.9
15.92,35.5,65.5,34.3,46.9,32.9,51.4,52.1
15.94,38.2,68.5,35.5,47,34.2,55.1,54.7
15.96,41.1,69.6,35.9,50.3,34.9,59,57.7
15.98,43,68.9,35.9,53.8,33.9,60.2,59.3
16,43.1,66.9,37,54.8,31.3,57.3,59.5
16.02,42,64.3,39.3,53.5,29.4,52.1,60.9
16.04,40.1,61.5,41.1,51.7,29.8,48,62.8
16.06,38.3,60,42,50.8,31.5,46.8,61.5
16.08,37.9,60.2,43.5,50.8,32.4,47.9,56.6
16.1,39.6,59.5,45.9,51.6,31.9,49.5,52.6
16.12,41.5,55.9,47.6,53.1,31.4,51.3,51.9
16.14,42.9,51.3,48.6,54.2,31.5,54,51.8
16.16,45.2,49.4,49.1,54.8,31.8,57.7,50.5
16.18,48.2,50.9,47.3,55.7,31.6,60.9,49.2
16.2,49.1,52,42.5,57,31.7,61.9,49.7
16.22,47.2,50,37.9,56.7,32.5,59.9,52.2
16.24,45.9,46.8,37.2,54.2,33.2,56.3,56.3
16.26,46.7,46.9,38.9,51.9,33.1,53.8,59.9
16.28,47.1,50.8,38.9,52.3,32.8,53.9,60.4
16.3,46.1,54.1,37.3,54.4,33.4,55.3,58.6
16.32,47,53.4,36.8,55.1,34.3,55.9,58.2
16.34,51.2,49.7,37.6,54,33.9,56.1,59.2
16.36,54.3,46.5,38.3,52.6,32.3,57.8,57.8
16.38,52.5,45.9,39.6,51.6,31,59.7,53.4
16.4,48.1,47.9,43.7,51.4,30.3,57.9,50.8
16.42,45.5,51.1,49.8,52.5,29.6,50.4,53.1
16.44,44.9,53.6,54.9,54.6,28.6,41.5,57.9
16.46,44.2,53.6,56.7,55.8,28,37.5,62
16.48,43.2,51.8,55.3,55.8,27.8,40.9,64.3
16.5,44.4,50,53.5,55.7,27.9,48.3,64.8
16.52,49.2,48.4,54.3,55.9,28.1,55.1,63.5
16.54,54.8,46.5,58,55.6,29.3,59.8,62
16.56,57.6,44.4,61,54.8,31.4,62.9,61.6
16.58,57.1,43.5,60.6,54.9,33.5,65,61.4
16.6,56,43.9,57.7,56,34.6,66.4,60.4
16.62,55.9,45,54.6,57.1,35,67.6,60.7
16.64,55,45.9,52.8,56.8,35.6,68.3,64.1
16.66,52.4,47.1,52.8,55.3,37.3,67.5,68.1
16.68,50,49.1,54.3,53.7,40,64.2,69.3
16.7,49.9,51.8,55.7,53.1,42.5,58.7,67.5
16.72,51.2,53.3,54.8,53.4,43.1,52.5,65.6
16.74,53.3,52,52.4,53.7,41,48.1,65.2
16.76,56.1,48.7,50.7,53.4,37.7,48.2,65.3
16.78,57.4,46.5,49.8,52.4,35.2,53.4,64.2
16.8,54.2,47.2,48,51.5,34.6,61.6,61.9
16.82,48.2,48.8,45.6,51.5,35.6,69.2,59.9
16.84,45.6,48,45.1,52.8,37.2,73.7,59.9
16.86,49.1,44.5,45.7,54.9,37.6,74.8,60.9
16.88,54.8,40.3,44.3,56,35.9,73.1,60.7
16.9,58.4,37.5,40.7,55.1,33.5,69.8,59.3
16.92,59.3,36.7,38.2,53.3,33.7,65.6,59.5
16.94,59.3,37.9,38.7,52.5,37.6,60.4,61.7
16.96,59.9,40.8,40.2,53,42.1,54.8,62.1
16.98,61.5,43.9,42,54.4,44.2,50.7,58.2
17,62.7,46,46.3,56.2,44.2,50.6,52.3
17.02,61.6,46.6,53,57.6,43.8,54.9,47.7
17.04,59.1,46.9,57.8,57.3,43.3,60.6,44.9
17.06,57.5,48.6,57.6,55.6,42.3,63.8,43.6
17.08,57,51.6,53.9,54,41.4,63,45
17.1,55.2,53.5,50.3,53.5,41,61.9,49.2
17.12,50.6,53,48.8,52.9,40.3,64.3,53.4
17.14,44.9,51.7,50.9,51.5,39.1,67.4,55.8
17.16,40.3,51.6,57.3,50.8,38.2,64.6,55.6
17.18,38.1,52.6,65.2,52.2,38.1,54.6,52.1
17.2,39.4,53.7,69.2,54.2,39,44.7,45.3
17.22,45,54.8,66.6,53.1,41.3,41.8,37.7
17.24,53.1,55.1,59.4,48.1,44.4,45.2,32.7
17.26,59.5,52.9,51.2,42.9,45.9,49.7,30.1
17.28,60.3,49.1,44.6,41.3,44.1,52.3,27.8
17.3,55.5,47.1,41.8,43.6,40.6,53.8,25.8
17.32,48.8,48.1,44.6,46.8,38.4,55.4,25.9
17.34,44.1,49.4,51.3,48.8,38.6,57.3,27.8
17.36,42.7,48.7,57.6,49.7,40.1,58.7,30.5
17.38,44.9,46.3,60.5,50.1,40.9,59.2,33.4
17.4,50.3,43.2,59.6,50.5,40,58.5,36.2
17.42,56.3,40.2,56.7,52,37.8,56,37.8
17.44,58.4,39.6,54,55.1,35.6,51.9,37.5
17.46,55.4,41.2,52.7,58.5,33.9,49,36.1
17.48,51.8,41.4,52.2,59.7,32,50.1,34.8
17.5,51.6,38.3,50.9,58.1,30.4,53.8,35.2
17.52,53.3,36.1,49.3,54.6,30.7,56,38.6
17.54,53,38.8,49.7,50,33.5,56.2,43.4
17.56,49.5,43.5,52.5,45.6,37.7,56.1,46.5
17.58,44.9,45.7,55.4,43,42,54.8,45.8
17.6,40.9,46.6,55.9,42.5,45.7,51.3,42.9
17.62,39.6,49.4,54.2,42.8,47.4,49.9,40.7
17.64,41.7,52.4,51.5,43.1,45.6,54.9,40.9
17.66,44.2,52.2,48.2,43.5,41,62.1,43
17.68,42.2,49.7,44.3,44.6,36.1,63.9,44.2
17.7,36.4,48.5,40,45.4,32.8,60.3,41.2
17.72,33.9,49.7,36.1,45.1,31.8,57.8,34.7
17.74,39.6,51.5,33.8,44,32.8,58.5,30
17.76,49.8,52.1,34.6,43.7,35,59.7,30.7
17.78,56.8,51.4,38.2,45.2,37.2,59.9,34.3
17.8,56.6,51,41.2,48.3,39,59.2,37.1
17.82,51.3,52.1,40.1,51.1,40.1,57.1,39.5
17.84,45.4,54,35.6,52.6,40.1,54.4,43.8
17.86,42.4,55.2,32.4,52.9,39.4,53.2,49.1
17.88,43,55,33.9,53.8,38.7,54.7,52.1
17.9,45,54.6,38.6,55.3,38.1,57.4,52
17.92,45.6,54.1,43,55.7,37.4,60.6,50.3
17.94,45,53.1,45.4,54.2,37.9,63.8,47.9
17.96,46.2,53.1,47.1,52.4,40.1,65.6,44.3
17.98,50.6,56.1,48.7,52.8,41.6,64.5,40.4
18,55.9,61.1,49.8,55,40.3,61.6,39.4
18.02,59.4,64.2,50.1,56.7,37.6,58.6,43
18.04,60.5,63.8,49.9,56.1,36.7,57,48.6
18.06,60.4,60.9,49.8,54.4,38.4,56.8,52.2
18.08,59.5,56.5,49.5,52.9,41.1,57.1,53.1
18.1,58.2,50.4,49.2,52.5,43,55.7,53.2
18.12,57.4,44.2,48.9,53.5,43,53.4,52.6
18.14,57.4,41.9,48.3,56.1,40.6,53,49.9
18.16,56.4,45.3,47.5,58.8,38.2,54.5,45.2
18.18,53.1,51.2,47.1,59.2,38.5,55,41.1
18.2,49,54.5,47.1,56.7,40.7,53.7,40.3
18.22,46.9,53.7,46.2,53.8,42,51.8,42.6
18.24,48.1,51.8,44.8,53.8,42,48.5,46.5
18.26,52.4,50.7,44.7,56.5,42.7,43.2,50.7
18.28,57.1,49.5,46.1,59.1,44,38.9,54.9
18.3,58.8,47.5,45.5,59.3,44,38.8,57.8
18.32,56.5,46.6,41.7,58.2,42.3,41.1,58.1
18.34,53.2,47.7,38.2,58.5,40.5,41.9,56.1
18.36,51.8,49.3,38.9,61,39.7,40.7,54.5
18.38,51.7,50.4,42.3,64.1,40.5,38,54.2
18.4,50.5,52.8,44.8,65.5,42.5,33.6,52.4
18.42,47.3,56.7,45.7,64.3,44,30.1,47.7
18.44,43,59.1,45.6,61.1,43.3,31.1,44
18.46,40.2,58.1,44.1,57,41.6,35,45.8
18.48,41.5,55.7,41.7,53.6,41.3,36.4,52.2
18.5,47.1,54.8,40.8,52,42.4,34.8,59.1
18.52,52.7,54.9,42.4,51.6,44,34,64.7
18.54,54.3,54.4,44.2,51.6,45.7,34.8,68.9
18.56,53.1,52.5,43.9,52.8,47.5,34.8,70.3
18.58,53.4,49.6,42.6,55.5,48.2,34.2,68.8
18.6,55.7,47.2,42.3,58.1,47.6,35.7,67
18.62,56.9,47.3,43.4,58.5,46.4,39.3,67.2
18.64,55.1,50.2,45.4,56.8,44.7,43.5,68
18.66,52.1,52.8,46.8,55.5,42.2,47.6,67.8
18.68,50.6,52.2,45.9,55.2,38.9,50.6,67.6
18.7,50.1,48.3,42.9,54.5,35.7,50.8,68.8
18.72,49,43.5,40.8,52.3,32.6,48.5,69.8
18.74,47.3,39.9,41.2,49.6,30.6,46.6,68.1
18.76,46.8,39.1,42.3,47.8,30.8,46.3,64.2
18.78,47.5,40.9,41.9,47.3,32.6,46.5,60.6
18.8,46.6,42.9,39.5,48.5,33.9,46.2,59.1
18.82,43.8,42.8,34.9,51.3,34.2,45.5,59
18.84,42.6,42.2,29.7,54.7,34.4,43.9,58.2
18.86,45.1,44,28.5,57,35.1,41.2,56.6
18.88,47.5,48,34.9,57.5,35,38.5,55.9
18.9,45.5,51,45.1,57.2,34.1,37,57
18.92,41.5,51.5,51.3,56.7,33.6,36.9,58.6
18.94,40.8,51.3,50.7,55.4,34.1,37.4,59.1
18.96,43.8,52,47.4,52.1,35.1,37.4,59.3
18.98,46.8,53.4,45.4,47.8,36.3,36.1,61.4
19,47.7,54.4,45.2,45.3,37.3,34.6,65.3
19.02,47.1,55.2,46,46.2,37.5,35,69.1
19.04,45.1,56.4,47,48.9,37.2,37.6,70.5
19.06,41.9,56.9,47.4,51.5,37.4,40.7,69
19.08,38.1,54.9,46.9,53.3,38.1,42.4,65.6
19.1,34.6,50.9,45.9,54.6,38.1,43,61.2
19.12,33,48.4,43.9,55.3,37,44.8,56.4
19.14,35.9,48.9,41.4,55.2,35.4,49.3,52.6
19.16,44,50.3,41.2,54.6,34.2,54.1,51.6
19.18,53.3,50.4,45.3,53.7,34.2,54.8,53
19.2,57.9,50.8,50.9,52.6,35.3,49.3,53.8
19.22,55.9,53.8,53,52.3,36.6,41.1,53
19.24,50.5,58.1,50.4,53.5,36.8,35.7,53.1
19.26,45.4,60.1,45.9,56.1,36.5,35.4,55.7
19.28,41.1,59.5,42.5,58.9,37.1,38,59.9
19.3,36.8,58.5,42,60.7,37.7,39.5,64.1
19.32,33.8,57.6,45,60.7,36.7,38.2,67.8
19.34,34.1,57.1,49.8,58.6,35.2,36.2,69.3
19.36,36.6,57.6,52.7,55.9,35.9,36.5,67.8
19.38,36.3,59.8,52.8,54.7,38.4,38.4,65.2
19.4,31.4,62,52.1,55.1,39.5,38.3,63.5
19.42,26.7,63.1,51.5,55.4,38.1,36.6,61.2
19.44,28.5,63.4,50,54.7,37,37.3,56.8
19.46,36.3,63.9,47.4,54.5,39,40.9,53.5
19.48,43.8,64.1,45.2,55.6,42.7,43,54.3
19.5,45.7,63.8,44.3,56.3,45.1,41.6,57.5
19.52,42.2,62.8,44.1,54.7,44.9,40.6,60.4
19.54,36.6,61.3,44.5,51.7,43.3,43.1,63.3
19.56,31.8,59.3,45,50.1,41.9,46.7,66.5
19.58,28.9,58.4,44.7,50.5,41.3,48.2,67.8
19.6,27.3,60.1,42.9,51.8,41.4,48.7,66.6
19.62,27,64.2,41.3,53.3,41.4,51,65.2
19.64,29.2,67.6,42,54.6,41.1,54.9,65.8
19.66,33.8,67.5,44.1,54.6,40.7,57.9,67.9
19.68,38.6,64,44.6,52.4,41,57.2,70.2
19.7,41.7,60,41.9,48.6,41.6,53.5,71.7
19.72,43.3,58.8,38.1,45.4,41.3,50.2,71.7
19.74,43.7,61.6,36.7,43.9,40,48.9,70.2
19.76,43.3,66.5,38.8,44.4,39.7,47,67.7
19.78,44.3,70.5,41.2,46.2,41.4,43.3,63.8
19.8,48,71.8,40.3,47.9,43.8,40.7,58.6
19.82,51.7,71.3,36.4,47.7,44.6,41.7,54.1
19.84,51,70.2,33.1,45.6,43.8,43.9,52.7
19.86,47.5,68.6,33.5,44.4,42.4,45,53.9
19.88,46.8,66.1,37.1,46,40.3,47.1,56.2
19.9,50.9,62.7,40.3,49.1,36.9,51.6,58.3
19.92,56,58.8,40.2,50.4,34.2,55.8,60.2
19.94,58.9,54.4,37.1,48.6,34.9,56.5,62.1
19.96,60.2,50.6,34.1,45.2,38.2,54.8,64.7
19.98,60.8,49.3,34,43,40.8,53,67.3
20,60.8,51.8,37.3,43,41.4,51.6,67.4
